Name,Beds,Baths,Price:,Deposit,Waitlist,Available Units,Size (sq feet),Link,Apartment
4 Bed - 2 Bath ,4,2,989.00,,0,,,https://www.americancampus.com/student-apartments/tx/austin/26-west/floor-plans/4-bedroom-2-bath-unf,26_west
4 Bed - 4 Bath A,4,4,1054.00,,1,,,https://www.americancampus.com/student-apartments/tx/austin/26-west/floor-plans/4-bedroom-4-bath-furn,26_west
4 Bed - 4 Bath B,4,4,$1009.00-$1024.00,,1,,,https://www.americancampus.com/student-apartments/tx/austin/26-west/floor-plans/4-bedroom-4-bath-hc-furn,26_west
2 Bed - 1 Bath A,2,1,"$1,094.00 - $1,119.00",,0,,,https://www.americancampus.com/student-apartments/tx/austin/26-west/floor-plans/2-bedroom-1-bath-furn,26_west
2 Bed - 1 Bath B Furnished ,2,1,1099.00,,0,,,https://www.americancampus.com/student-apartments/tx/austin/26-west/floor-plans/2-bedroom-1-bath-hc-furn,26_west
2 Bed - 2 Bath Standard Furnished ,2,2,1149.00,,1,,,https://www.americancampus.com/student-apartments/tx/austin/26-west/floor-plans/2-bedroom-2-bath-std-furn,26_west
2 Bed - 2 Bath Deluxe Furnished,2,2,1224.00,,1,,,https://www.americancampus.com/student-apartments/tx/austin/26-west/floor-plans/2-bedroom-2-bath-dlx-furn,26_west
2 Bed - 2 Bath Corner A ,2,2,"$1,199.00 - $1,224.00",,1,,,https://www.americancampus.com/student-apartments/tx/austin/26-west/floor-plans/2-bedroom-2-bath-corner-a-furn,26_west
2 Bed - 2 Bath Corner B,2,2,"$1,199.00-$1,224.00",,1,,,https://www.americancampus.com/student-apartments/tx/austin/26-west/floor-plans/2-bedroom-2-bath-corner-b-furn,26_west
2 Bed - 2 Bath w/ Study ,2,2,"$1,194.00 - $1,219.00",,1,,,https://www.americancampus.com/student-apartments/tx/austin/26-west/floor-plans/2-bedroom-2-bath-w-study-furn,26_west
1 Bed - 1 Bath A ,1,1,$1614.00-$1644.00,,1,,,https://www.americancampus.com/student-apartments/tx/austin/26-west/floor-plans/1-bedroom-1-bath-furn,26_west
1 Bed - 1 Bath B Furnished,1,1,1639.00,,1,,,https://www.americancampus.com/student-apartments/tx/austin/26-west/floor-plans/1-bedroom-1-bath-hc-furn,26_west
1 Bed - 1 Bath SMART Furnished,1,1,,,1,,,https://www.americancampus.com/student-apartments/tx/austin/26-west/floor-plans/1-bedroom-1-bath-smart-furn,26_west
1 Bed - 1 Bath SMART Unfurnished,1,1,,,1,,,https://www.americancampus.com/student-apartments/tx/austin/26-west/floor-plans/1-bedroom-1-bath-smart-unf,26_west
Leon - 2 Bed - 2 Bath B,2,2,$919 - $929,0,,2,"1,056 - 1,069",https://www.theblockwestcampus.com//Brochure/Leon---2-Bed---2-Bath-B?siteId=6511284&fId=9218484,block_on_pearl
25th E - 2 Bed - 2 Bath E3,2,2,"$599 - $1,164",0,,7,"1,100 - 1,142",https://www.theblockwestcampus.com//Brochure/25th-E---2-Bed---2-Bath-E3?siteId=6511284&fId=9218423,block_on_pearl
28th - 2 Bed - 2 Bath B,2,2,"$549 - $1,129",0,,26,"1,066",https://www.theblockwestcampus.com//Brochure/28th---2-Bed---2-Bath-B?siteId=6511284&fId=9218408,block_on_pearl
25th E - 3 Bed - 3 Bath A,3,3,"$599 - $1,214",0,,4,"1,485",https://www.theblockwestcampus.com//Brochure/25th-E---3-Bed---3-Bath-A?siteId=6511284&fId=9218429,block_on_pearl
25th E - 3 Bed - 3 Bath D,3,3,"$599 - $1,229",0,,6,"1,485 - 1,497",https://www.theblockwestcampus.com//Brochure/25th-E---3-Bed---3-Bath-D?siteId=6511284&fId=9218430,block_on_pearl
25th E - 2 Bed - 2 Bath E Loft ,2,2,"$694 - $1,399",0,,5,"1,270",https://www.theblockwestcampus.com//Brochure/25th-E---2-Bed---2-Bath-E-Loft-?siteId=6511284&fId=9218427,block_on_pearl
Leon - 2 Bed - 2 Bath A Loft,2,2,"$694 - $1,124",0,,3,"982 - 1,082",https://www.theblockwestcampus.com//Brochure/Leon---2-Bed---2-Bath-A-Loft?siteId=6511284&fId=9218479,block_on_pearl
Rio - 3 Bed - 2 Bath D,3,2,$819,0,,1,"1,086",https://www.theblockwestcampus.com//Brochure/Rio---3-Bed---2-Bath-D?siteId=6511284&fId=9218539,block_on_pearl
Rio - 4 Bed - 2 Bath B,4,2,$824 - $944,0,,14,"1,820 - 1,840",https://www.theblockwestcampus.com//Brochure/Rio---4-Bed---2-Bath-B?siteId=6511284&fId=9218542,block_on_pearl
Rio - 5 Bed - 3 Bath A,5,3,$839 - $859,0,,6,"1,905",https://www.theblockwestcampus.com//Brochure/Rio---5-Bed---3-Bath-A?siteId=6511284&fId=9218545,block_on_pearl
Leon - 4 Bed - 2 Bath A,4,2,$849,0,,3,"1,516 - 1,548",https://www.theblockwestcampus.com//Brochure/Leon---4-Bed---2-Bath-A?siteId=6511284&fId=9218496,block_on_pearl
25th E - 4 Bed - 3 Bath A,4,3,"$874 - $1,430",0,,13,"1,680 - 1,924",https://www.theblockwestcampus.com//Brochure/25th-E---4-Bed---3-Bath-A?siteId=6511284&fId=9218436,block_on_pearl
Rio - 4 Bed - 4 Bath A,4,4,$874 - $909,0,,15,"1,400",https://www.theblockwestcampus.com//Brochure/Rio---4-Bed---4-Bath-A?siteId=6511284&fId=9218768,block_on_pearl
Leon - 2 Bed - 2 Bath C,2,2,$914,0,,1,886 - 954,https://www.theblockwestcampus.com//Brochure/Leon---2-Bed---2-Bath-C?siteId=6511284&fId=9218488,block_on_pearl
Leon - 4 Bed - 4 Bath A,4,4,$894 - $924,0,,16,"1,456",https://www.theblockwestcampus.com//Brochure/Leon---4-Bed---4-Bath-A?siteId=6511284&fId=9218498,block_on_pearl
23rd - 4 Bed - 4 Bath A,4,4,$909 - $984,0,,9,"1,400",https://www.theblockwestcampus.com//Brochure/23rd---4-Bed---4-Bath-A?siteId=6511284&fId=9218398,block_on_pearl
28th - 4 Bed - 2 Bath A,4,2,$919 - $929,0,,6,"1,504",https://www.theblockwestcampus.com//Brochure/28th---4-Bed---2-Bath-A?siteId=6511284&fId=9218416,block_on_pearl
Pearl S - 4 Bed - 2 Bath A,4,2,$919 - $944,0,,3,"1,488",https://www.theblockwestcampus.com//Brochure/Pearl-S---4-Bed---2-Bath-A?siteId=6511284&fId=9218527,block_on_pearl
Rio - 2 Bed - 2 Bath E1,2,1,$919 - $984,0,,7,842,https://www.theblockwestcampus.com//Brochure/Rio---2-Bed---2-Bath-E1?siteId=6511284&fId=9218535,block_on_pearl
23rd - 3 Bed - 2 Bath A,3,2,$944 - $949,0,,3,"1,167 - 1,284",https://www.theblockwestcampus.com//Brochure/23rd---3-Bed---2-Bath-A?siteId=6511284&fId=9218392,block_on_pearl
23rd - 4 Bed - 2 Bath A,4,2,$929 - $939,0,,3,"1,576",https://www.theblockwestcampus.com//Brochure/23rd---4-Bed---2-Bath-A?siteId=6511284&fId=9218397,block_on_pearl
25th W - 4 Bed - 2 Bath A,4,2,$929,0,,2,"1,536 - 1,668",https://www.theblockwestcampus.com//Brochure/25th-W---4-Bed---2-Bath-A?siteId=6511284&fId=9218464,block_on_pearl
Pearl N - 4 Bed - 2 Bath A,4,2,$954,0,,1,"1,488",https://www.theblockwestcampus.com//Brochure/Pearl-N---4-Bed---2-Bath-A?siteId=6511284&fId=9218511,block_on_pearl
25th W - 4 Bed - 4 Bath A,4,4,$964 - $979,0,,3,"1,356",https://www.theblockwestcampus.com//Brochure/25th-W---4-Bed---4-Bath-A?siteId=6511284&fId=9218467,block_on_pearl
Leon - 2 Bed - 2 Bath F,2,2,$979,0,,1,"1,290",https://www.theblockwestcampus.com//Brochure/Leon---2-Bed---2-Bath-F?siteId=6511284&fId=9218490,block_on_pearl
25th E - 5 Bed - 4 Bath A,5,4,$989,0,,1,"2,495",https://www.theblockwestcampus.com//Brochure/25th-E---5-Bed---4-Bath-A?siteId=6511284&fId=9218445,block_on_pearl
28th - 4 Bed - 4 Bath A,4,4,"$989 - $1,019",0,,9,"1,472",https://www.theblockwestcampus.com//Brochure/28th---4-Bed---4-Bath-A?siteId=6511284&fId=9218417,block_on_pearl
23rd - 2 Bed - 2 Bath A,2,2,"$994 - $1,079",0,,18,812,https://www.theblockwestcampus.com//Brochure/23rd---2-Bed---2-Bath-A?siteId=6511284&fId=9223964,block_on_pearl
28th - 2 Bed - 2 Bath A,2,2,"$999 - $1,124",0,,26,884 - 938,https://www.theblockwestcampus.com//Brochure/28th---2-Bed---2-Bath-A?siteId=6511284&fId=9218387,block_on_pearl
28th - 2 Bed - 2 Bath C,2,2,"$999 - $1,084",0,,15,886 - 930,https://www.theblockwestcampus.com//Brochure/28th---2-Bed---2-Bath-C?siteId=6511284&fId=9218409,block_on_pearl
28th - 2 Bed - 2 Bath D,2,2,"$1,029 - $1,109",0,,13,880 - 938,https://www.theblockwestcampus.com//Brochure/28th---2-Bed---2-Bath-D?siteId=6511284&fId=9218411,block_on_pearl
25th W - 3 Bed - 2 Bath E,3,2,"$1,004 - $1,034",0,,3,"1,185",https://www.theblockwestcampus.com//Brochure/25th-W---3-Bed---2-Bath-E?siteId=6511284&fId=9218459,block_on_pearl
28th - 3 Bed - 3 Bath A,3,3,"$1,014 - $1,044",0,,9,"1,236",https://www.theblockwestcampus.com//Brochure/28th---3-Bed---3-Bath-A?siteId=6511284&fId=9218415,block_on_pearl
Rio - 2 Bed - 2 Bath E2,2,2,"$1,014 - $1,054",0,,15,"1,000",https://www.theblockwestcampus.com//Brochure/Rio---2-Bed---2-Bath-E2?siteId=6511284&fId=9218536,block_on_pearl
Pearl S - 2 Bed - 2 Bath C,2,2,"$1,019 - $1,096",0,,10,856 - 886,https://www.theblockwestcampus.com//Brochure/Pearl-S---2-Bed---2-Bath-C?siteId=6511284&fId=9218523,block_on_pearl
23rd - 2 Bed - 2 Bath E2,2,2,"$1,024 - $1,134",0,,16,926 - 994,https://www.theblockwestcampus.com//Brochure/23rd---2-Bed---2-Bath-E2?siteId=6511284&fId=9218390,block_on_pearl
Pearl N - 2 Bed - 2 Bath C,2,2,"$1,024 - $1,109",0,,8,856 - 886,https://www.theblockwestcampus.com//Brochure/Pearl-N---2-Bed---2-Bath-C?siteId=6511284&fId=9218507,block_on_pearl
Pearl N - 3 Bed - 3 Bath A,3,3,"$1,039",0,,2,"1,236",https://www.theblockwestcampus.com//Brochure/Pearl-N---3-Bed---3-Bath-A?siteId=6511284&fId=9218509,block_on_pearl
Pearl S - 3 Bed - 3 Bath A,3,3,"$1,039",0,,1,"1,236",https://www.theblockwestcampus.com//Brochure/Pearl-S---3-Bed---3-Bath-A?siteId=6511284&fId=9218525,block_on_pearl
Pearl N - 2 Bed - 2 Bath A,2,2,"$1,054 - $1,119",0,,2,902 - 914,https://www.theblockwestcampus.com//Brochure/Pearl-N---2-Bed---2-Bath-A?siteId=6511284&fId=9218501,block_on_pearl
23rd - 3 Bed - 3 Bath A,3,3,"$1,059",0,,1,"1,208",https://www.theblockwestcampus.com//Brochure/23rd---3-Bed---3-Bath-A?siteId=6511284&fId=9218395,block_on_pearl
25th W - 2 Bed - 2 Bath C,2,2,"$1,064 - $1,159",0,,8,934,https://www.theblockwestcampus.com//Brochure/25th-W---2-Bed---2-Bath-C?siteId=6511284&fId=9218458,block_on_pearl
Leon - 2 Bed - 2 Bath B Loft,2,2,"$1,084 - $1,154",0,,3,"1,192 - 1,204",https://www.theblockwestcampus.com//Brochure/Leon---2-Bed---2-Bath-B-Loft?siteId=6511284&fId=9218486,block_on_pearl
Pearl S - 2 Bed - 2 Bath A,2,2,"$1,084",0,,1,902 - 914,https://www.theblockwestcampus.com//Brochure/Pearl-S---2-Bed---2-Bath-A?siteId=6511284&fId=9218517,block_on_pearl
25th E - 2 Bed - 2 Bath E2,2,2,"$1,089 - $1,112",0,,3,"1,056 - 1,060",https://www.theblockwestcampus.com//Brochure/25th-E---2-Bed---2-Bath-E2?siteId=6511284&fId=9218421,block_on_pearl
25th W - 2 Bed - 2 Bath A,2,2,"$1,094 - $1,154",0,,11,888 - 910,https://www.theblockwestcampus.com//Brochure/25th-W---2-Bed---2-Bath-A?siteId=6511284&fId=9218451,block_on_pearl
25th W - 4 Bed - 4 Bath A Loft,4,4,"$1,094 - $1,129",0,,3,"1,488",https://www.theblockwestcampus.com//Brochure/25th-W---4-Bed---4-Bath-A-Loft?siteId=6511284&fId=9218468,block_on_pearl
Pearl N - Efficiency A,Studio,1,"$1,125",0,,1,381,https://www.theblockwestcampus.com//Brochure/Pearl-N---Efficiency-A?siteId=6511284&fId=9218513,block_on_pearl
Pearl S - Efficiency A,Studio,1,"$1,125",0,,1,381 - 394,https://www.theblockwestcampus.com//Brochure/Pearl-S---Efficiency-A?siteId=6511284&fId=9218529,block_on_pearl
Leon - 2 Bed - 2 Bath G Loft,2,2,"$1,199",0,,2,"1,082 - 1,180",https://www.theblockwestcampus.com//Brochure/Leon---2-Bed---2-Bath-G-Loft?siteId=6511284&fId=9218493,block_on_pearl
23rd - Efficiency A,Studio,1,"$1,125",0,,2,375,https://www.theblockwestcampus.com//Brochure/23rd---Efficiency-A?siteId=6511284&fId=9218399,block_on_pearl
Pearl S - 2 Bed - 2 Bath B,2,2,"$1,144 - $1,209",0,,4,"1,062 - 1,064",https://www.theblockwestcampus.com//Brochure/Pearl-S---2-Bed---2-Bath-B?siteId=6511284&fId=9218520,block_on_pearl
23rd - 2 Bed - 2 Bath B,2,2,"$1,154",0,,1,"1,064",https://www.theblockwestcampus.com//Brochure/23rd---2-Bed---2-Bath-B?siteId=6511284&fId=9218388,block_on_pearl
Pearl N - 2 Bed - 2 Bath B,2,2,"$1,169 - $1,209",0,,4,"1,062 - 1,064",https://www.theblockwestcampus.com//Brochure/Pearl-N---2-Bed---2-Bath-B?siteId=6511284&fId=9218504,block_on_pearl
Pearl N - 4 Bed - 4 Bath A Loft,4,4,"$1,189 - $1,204",0,,4,"1,584",https://www.theblockwestcampus.com//Brochure/Pearl-N---4-Bed---4-Bath-A-Loft?siteId=6511284&fId=9218512,block_on_pearl
25th W - Efficiency,Studio,1,"$1,233",0,,2,323,https://www.theblockwestcampus.com//Brochure/25th-W---Efficiency?siteId=6511284&fId=9218469,block_on_pearl
28th - 1 Bed - 1 Bath A,1,1,"$1,233 - $1,424",0,,4,521,https://www.theblockwestcampus.com//Brochure/28th---1-Bed---1-Bath-A?siteId=6511284&fId=9218400,block_on_pearl
Leon - 1 Bed - 1 Bath A,1,1,"$1,233",0,,1,521 - 541,https://www.theblockwestcampus.com//Brochure/Leon---1-Bed---1-Bath-A?siteId=6511284&fId=9218470,block_on_pearl
Rio - 1 Bed - 1 Bath A,1,1,"$1,233",0,,4,505,https://www.theblockwestcampus.com//Brochure/Rio---1-Bed---1-Bath-A?siteId=6511284&fId=9218533,block_on_pearl
25th W - 2 Bed - 2 Bath C Loft,2,2,"$1,309",0,,2,"1,056",https://www.theblockwestcampus.com//Brochure/25th-W---2-Bed---2-Bath-C-Loft?siteId=6511284&fId=9218457,block_on_pearl
25th W - 2 Bed - 2 Bath A Loft,2,2,"$1,339",0,,1,996,https://www.theblockwestcampus.com//Brochure/25th-W---2-Bed---2-Bath-A-Loft?siteId=6511284&fId=9218454,block_on_pearl
25th E - 2 Bed - 1 Bath B Loft,2,1,"$1,359",0,,1,"1,064 - 1,118",https://www.theblockwestcampus.com//Brochure/25th-E---2-Bed---1-Bath-B-Loft?siteId=6511284&fId=9218418,block_on_pearl
Pearl S - 2 Bed - 2 Bath B Loft,2,2,"$1,364 - $1,384",0,,2,"1,240",https://www.theblockwestcampus.com//Brochure/Pearl-S---2-Bed---2-Bath-B-Loft?siteId=6511284&fId=9218522,block_on_pearl
Pearl N - 2 Bed - 2 Bath B Loft,2,2,"$1,389",0,,2,"1,240",https://www.theblockwestcampus.com//Brochure/Pearl-N---2-Bed---2-Bath-B-Loft?siteId=6511284&fId=9218506,block_on_pearl
28th - 1 Bed - 1 Bath B,1,1,"$1,434",0,,2,595 - 618,https://www.theblockwestcampus.com//Brochure/28th---1-Bed---1-Bath-B?siteId=6511284&fId=9218401,block_on_pearl
Leon - 1 Bed - 1 Bath B,1,1,"$1,444 - $1,489",0,,2,613 - 655,https://www.theblockwestcampus.com//Brochure/Leon---1-Bed---1-Bath-B?siteId=6511284&fId=9218472,block_on_pearl
Pearl S - Efficiency B,Studio,1,"$1,459",0,,1,458,https://www.theblockwestcampus.com//Brochure/Pearl-S---Efficiency-B?siteId=6511284&fId=9218531,block_on_pearl
Pearl N - 1 Bed - 1 Bath A,1,1,"$1,509",0,,1,521,https://www.theblockwestcampus.com//Brochure/Pearl-N---1-Bed---1-Bath-A?siteId=6511284&fId=9218499,block_on_pearl
4 Bed - 4 Bath A,4,4,1189.00,,0,,,https://www.americancampus.com/student-apartments/tx/austin/crest-at-pearl/floor-plans/4-bed-4-bath-a,crest_at_pearl
4 Bed - 4 Bath B,4,4,1009.00,,0,,,https://www.americancampus.com/student-apartments/tx/austin/crest-at-pearl/floor-plans/4-bed-4-bath-b,crest_at_pearl
4 Bed - 4 Bath C,4,4,1029.00,,0,,,https://www.americancampus.com/student-apartments/tx/austin/crest-at-pearl/floor-plans/4-bed-4-bath-c,crest_at_pearl
3 Bed - 3 Bath A ,3,3,1019.00,,0,,,https://www.americancampus.com/student-apartments/tx/austin/crest-at-pearl/floor-plans/3-bed-3-bath-a,crest_at_pearl
3 Bed - 3 Bath B,3,3,1019.00,,0,,,https://www.americancampus.com/student-apartments/tx/austin/crest-at-pearl/floor-plans/3-bed-3-bath-b,crest_at_pearl
3 Bed - 3 Bath C,3,3,1039.00,,0,,,https://www.americancampus.com/student-apartments/tx/austin/crest-at-pearl/floor-plans/3-bed-3-bath-c,crest_at_pearl
2 Bed - 2 Bath A,2,2,1289.00,,0,,,https://www.americancampus.com/student-apartments/tx/austin/crest-at-pearl/floor-plans/2-bed-2-bath-a,crest_at_pearl
2 Bed - 2 Bath B ,2,2,1299.00,,0,,,https://www.americancampus.com/student-apartments/tx/austin/crest-at-pearl/floor-plans/2-bed-2-bath-b,crest_at_pearl
2 Bed - 2 Bath C ,2,2,1304.00,,1,,,https://www.americancampus.com/student-apartments/tx/austin/crest-at-pearl/floor-plans/2-bed-2-bath-c,crest_at_pearl
2 Bed - 2 Bath D ,2,2,1329.00,,1,,,https://www.americancampus.com/student-apartments/tx/austin/crest-at-pearl/floor-plans/2-bed-2-bath-d,crest_at_pearl
2 Bed - 2 Bath E ,2,2,1254.00,,0,,,https://www.americancampus.com/student-apartments/tx/austin/crest-at-pearl/floor-plans/2-bed-2-bath-e,crest_at_pearl
2 Bed - 2 Bath F ,2,2,1179.00,,0,,,https://www.americancampus.com/student-apartments/tx/austin/crest-at-pearl/floor-plans/2-bed-2-bath-f,crest_at_pearl
2 Bed - 2 Bath G ,2,2,1199.00,,0,,,https://www.americancampus.com/student-apartments/tx/austin/crest-at-pearl/floor-plans/2-bed-2-bath-g,crest_at_pearl
2 Bed - 2 Bath H,2,2,1229.00,,0,,,https://www.americancampus.com/student-apartments/tx/austin/crest-at-pearl/floor-plans/2-bed-2-bath-h,crest_at_pearl
2 Bed - 1 Bath A ,2,1,1049.00,,0,,,https://www.americancampus.com/student-apartments/tx/austin/crest-at-pearl/floor-plans/2-bed-1-bath-a,crest_at_pearl
2 Bed - 1 Bath B ,2,1,1084.00,,1,,,https://www.americancampus.com/student-apartments/tx/austin/crest-at-pearl/floor-plans/2-bed-1-bath-b,crest_at_pearl
1 Bed - 1 Bath A ,1,1,1544.00,,1,,,https://www.americancampus.com/student-apartments/tx/austin/crest-at-pearl/floor-plans/1-bed-1-bath-a,crest_at_pearl
1 Bed - 1 Bath B ,1,1,1844.00,,1,,,https://www.americancampus.com/student-apartments/tx/austin/crest-at-pearl/floor-plans/1-bed-1-bath-b,crest_at_pearl
1 Bed - 1 Bath C,1,1,2149.00,,1,,,https://www.americancampus.com/student-apartments/tx/austin/crest-at-pearl/floor-plans/1-bed-1-bath-c,crest_at_pearl
1 Bed - 1 Bath D ,1,1,2099.00,,0,,,https://www.americancampus.com/student-apartments/tx/austin/crest-at-pearl/floor-plans/1-bed-1-bath-d,crest_at_pearl
1 Bed - 1 Bath A - SMART ,1,1,,,1,,,https://www.americancampus.com/student-apartments/tx/austin/crest-at-pearl/floor-plans/1-bed-1-bath-a-smart,crest_at_pearl
Studio A - SMART,0,1,,,1,,,https://www.americancampus.com/student-apartments/tx/austin/crest-at-pearl/floor-plans/studio-a-smart,crest_at_pearl
Studio B - SMART,0,1,,,1,,,https://www.americancampus.com/student-apartments/tx/austin/crest-at-pearl/floor-plans/studio-b-smart,crest_at_pearl
Studio C - SMART,0,1,,,1,,,https://www.americancampus.com/student-apartments/tx/austin/crest-at-pearl/floor-plans/studio-c-smart,crest_at_pearl
Studio D - SMART,0,1,,,1,,,https://www.americancampus.com/student-apartments/tx/austin/crest-at-pearl/floor-plans/studio-d-smart,crest_at_pearl
Studio E - SMART,0,1,1233.00,,1,,,https://www.americancampus.com/student-apartments/tx/austin/crest-at-pearl/floor-plans/studio-e-smart,crest_at_pearl
2 Bed - 2 Bath Suite Double ,2,2,,,0,,,https://www.americancampus.com/student-apartments/tx/austin/the-callaway-house-austin/floor-plans/2-bedroom-2-bath-suite-double,callaway
4 Bed - 4 Bath Suite Single,4,4,,,0,,,https://www.americancampus.com/student-apartments/tx/austin/the-callaway-house-austin/floor-plans/4-bedroom-4-bath-suite-single,callaway
3 Bed - 3 Bath Apartment,3,3,,,0,,,https://www.americancampus.com/student-apartments/tx/austin/the-callaway-house-austin/floor-plans/3-bedroom-3-bath-apartment,callaway
2 Bed - 2 Bath Apartment,2,2,,,0,,,https://www.americancampus.com/student-apartments/tx/austin/the-callaway-house-austin/floor-plans/2-bedroom-2-bath-apartment,callaway
Standard Studio Suite - SMART,1,1,,,1,,,https://www.americancampus.com/student-apartments/tx/austin/the-callaway-house-austin/floor-plans/standard-studio-suite-smart,callaway
Deluxe Studio Suite - SMART ,1,1,,,1,,,https://www.americancampus.com/student-apartments/tx/austin/the-callaway-house-austin/floor-plans/deluxe-studio-suite-smart,callaway
Standard Studio Apartment - SMART,1,1,,,1,,,https://www.americancampus.com/student-apartments/tx/austin/the-callaway-house-austin/floor-plans/standard-studio-apartment-smart,callaway
Deluxe Studio Apartment - SMART,1,1,,,1,,,https://www.americancampus.com/student-apartments/tx/austin/the-callaway-house-austin/floor-plans/deluxe-studio-apartment-smart,callaway
Suite Style – Double Occupancy,1,1,,,0,,,https://www.americancampus.com/student-apartments/tx/austin/the-castilian/floor-plans/suite-double-room,castilian
Suite Style – Single Occupancy,1,1,,,0,,,https://www.americancampus.com/student-apartments/tx/austin/the-castilian/floor-plans/suite-single-room,castilian
1 Bed - 1 Bath Private,1,1,,,1,,,https://www.americancampus.com/student-apartments/tx/austin/the-castilian/floor-plans/1-bedroom-1-bath-private,castilian
Texan - 4x4 Guadalupe,4,4,$929.00 - $949.00,,0,,,https://www.americancampus.com/student-apartments/tx/austin/texan-and-vintage-west-campus/floor-plans/texan-4x4-guadalupe,texan_and_vintage
Texan - 4x4 Guadalupe w/ Loft,4,4,769.00,,0,,,https://www.americancampus.com/student-apartments/tx/austin/texan-and-vintage-west-campus/floor-plans/texan-4x4-guadalupe-w-loft-loft-bed,texan_and_vintage
Texan - 3x2 Rio Grande,3,2,$859.00 - $919.00,,0,,,https://www.americancampus.com/student-apartments/tx/austin/texan-and-vintage-west-campus/floor-plans/texan-3x2-rio-grande-shared-bath,texan_and_vintage
Texan - 3x2 Rio Grande w/ Loft ,3,2,$769.00 - $899.00,,0,,,https://www.americancampus.com/student-apartments/tx/austin/texan-and-vintage-west-campus/floor-plans/texan-3x2-rio-grande-w-loft-loft-bed,texan_and_vintage
Texan - 3x2 San Pedro ,3,2,$914.00-$949.00,,0,,,https://www.americancampus.com/student-apartments/tx/austin/texan-and-vintage-west-campus/floor-plans/texan-3x2-san-pedro-shared-bath,texan_and_vintage
Texan - 2x1 Salado ,2,1,1009.00,,1,,,https://www.americancampus.com/student-apartments/tx/austin/texan-and-vintage-west-campus/floor-plans/texan-2x1-salado,texan_and_vintage
Texan - 1x1 Seton w/ Loft ,1,1,$864.00-$909.00,,1,,,https://www.americancampus.com/student-apartments/tx/austin/texan-and-vintage-west-campus/floor-plans/texan-1x1-seton-w-loft-loft-bed,texan_and_vintage
Vintage - 4x4 Rome,4,4,"$1,009.00-$1,034.00",,0,,,https://www.americancampus.com/student-apartments/tx/austin/texan-and-vintage-west-campus/floor-plans/vintage-4x4-rome,texan_and_vintage
Vintage - 4x4 Milan ,4,4,"$1,034.00-$1,059.00",,0,,,https://www.americancampus.com/student-apartments/tx/austin/texan-and-vintage-west-campus/floor-plans/vintage-4x4-milan,texan_and_vintage
Vintage - 2x2 Turin Furnished ,2,2,1169.00,,1,,,https://www.americancampus.com/student-apartments/tx/austin/texan-and-vintage-west-campus/floor-plans/vintage-2x2-turin-furnished,texan_and_vintage
Vintage - 2x2 Siena Furnished ,2,2,1099.00,,0,,,https://www.americancampus.com/student-apartments/tx/austin/texan-and-vintage-west-campus/floor-plans/vintage-2x2-siena-furnished,texan_and_vintage
Vintage - 2x2 Naples Furnished ,2,2,1199.00,,1,,,https://www.americancampus.com/student-apartments/tx/austin/texan-and-vintage-west-campus/floor-plans/vintage-2x2-naples-furnished,texan_and_vintage
Vintage - 1x1 Florence Furnished ,1,1,1479.00,,1,,,https://www.americancampus.com/student-apartments/tx/austin/texan-and-vintage-west-campus/floor-plans/vintage-1x1-florence-furnished,texan_and_vintage
Vintage - 1x1 Genova Furnished ,1,1,1624.00,,1,,,https://www.americancampus.com/student-apartments/tx/austin/texan-and-vintage-west-campus/floor-plans/vintage-1x1-genova-furnished,texan_and_vintage
Vintage - 1x1 Padova Furnished,1,1,1544.00,,1,,,https://www.americancampus.com/student-apartments/tx/austin/texan-and-vintage-west-campus/floor-plans/vintage-1x1-padova-furn,texan_and_vintage
Vintage - 1x1 Palermo Furnished ,1,1,1699.00,,1,,,https://www.americancampus.com/student-apartments/tx/austin/texan-and-vintage-west-campus/floor-plans/vintage-1x1-palermo-furnished,texan_and_vintage
Texan - 1x1 Seton SMART,1,1,1233.00,,1,,,https://www.americancampus.com/student-apartments/tx/austin/texan-and-vintage-west-campus/floor-plans/texan-1x1-seton-smart,texan_and_vintage
Texan - 1x1 Seton w/ Loft - Loft Bed SMART,1,1,,,1,,,https://www.americancampus.com/student-apartments/tx/austin/texan-and-vintage-west-campus/floor-plans/texan-1x1-seton-w-loft-loft-bed-smart,texan_and_vintage
Texan - 1x1 Seton w/ Loft - Prv Bed SMART,1,1,,,1,,,https://www.americancampus.com/student-apartments/tx/austin/texan-and-vintage-west-campus/floor-plans/texan-1x1-seton-w-loft-prv-bed-smart,texan_and_vintage
Vintage - 1x1 Florence SMART ,1,1,,,1,,,https://www.americancampus.com/student-apartments/tx/austin/texan-and-vintage-west-campus/floor-plans/vintage-1x1-florence-smart,texan_and_vintage
Vintage - 1x1 Venice SMART,1,1,,,1,,,https://www.americancampus.com/student-apartments/tx/austin/texan-and-vintage-west-campus/floor-plans/vintage-1x1-venice-smart,texan_and_vintage
Vintage - Studio Messina SMART,1,1,1125.00,,1,,,https://www.americancampus.com/student-apartments/tx/austin/texan-and-vintage-west-campus/floor-plans/vintage-studio-messina-smart,texan_and_vintage
B1,2,2,"$1,199 - $1,239",$100,,,878,https://www.rioweststudentliving.com/austin-austin-texas/rio-west-new-rio-west-student-apartments/floorplans/b1-721046/is-premium-view/lease-start-window-id/37318/lease_term[id]/7864/space_configuration_id/170/,rio_west
B2,2,2,"$1,199 - $1,239",$100,,,888,https://www.rioweststudentliving.com/austin-austin-texas/rio-west-new-rio-west-student-apartments/floorplans/b2-721048/is-premium-view/lease-start-window-id/37318/lease_term[id]/7864/space_configuration_id/170/,rio_west
B3,2,2,"$1,075 - $1,239",$100,,,894,https://www.rioweststudentliving.com/austin-austin-texas/rio-west-new-rio-west-student-apartments/floorplans/b3-721050/is-premium-view/lease-start-window-id/37318/lease_term[id]/7864/space_configuration_id/170/,rio_west
C1,3,3,"$809 - $1,099",$100,,,"1,495",https://www.rioweststudentliving.com/austin-austin-texas/rio-west-new-rio-west-student-apartments/floorplans/c1-721052/is-premium-view/lease-start-window-id/37318/lease_term[id]/7864/space_configuration_id/170/,rio_west
C2,3,3,"$819 - $1,099",$100,,,"1,565",https://www.rioweststudentliving.com/austin-austin-texas/rio-west-new-rio-west-student-apartments/floorplans/c2-721054/is-premium-view/lease-start-window-id/37318/lease_term[id]/7864/space_configuration_id/170/,rio_west
D1,4,4,"$739 - $1,009",$100,,,"1,698",https://www.rioweststudentliving.com/austin-austin-texas/rio-west-new-rio-west-student-apartments/floorplans/d1-721056/is-premium-view/lease-start-window-id/37318/lease_term[id]/7864/space_configuration_id/170/,rio_west
ACL A,Studio,1,"$1,609",N/A,,,350,https://skyloft.prospectportal.com/Apartments/module/property_floorplans/property%5Bid%5D/678753/property_floorplan[id]/722310/is_premium_view/1/is_responsive_snippet/1/lease_start_window[id]/39711/is_collapsed/0/snippet_type/website/lease_term[id]/13114/space_configuration_id/2/,skyloft
ACL B,Studio,1,"$1,594",N/A,,,350,https://skyloft.prospectportal.com/Apartments/module/property_floorplans/property%5Bid%5D/678753/property_floorplan[id]/730421/is_premium_view/1/is_responsive_snippet/1/lease_start_window[id]/39711/is_collapsed/0/snippet_type/website/lease_term[id]/13114/space_configuration_id/2/,skyloft
Antone's A,1,1,"$1,654",N/A,,,600,https://skyloft.prospectportal.com/Apartments/module/property_floorplans/property%5Bid%5D/678753/property_floorplan[id]/722308/is_premium_view/1/is_responsive_snippet/1/lease_start_window[id]/39711/is_collapsed/0/snippet_type/website/lease_term[id]/13114/space_configuration_id/2/,skyloft
Antone's B,1,1,"$1,854",N/A,,,600,https://skyloft.prospectportal.com/Apartments/module/property_floorplans/property%5Bid%5D/678753/property_floorplan[id]/730423/is_premium_view/1/is_responsive_snippet/1/lease_start_window[id]/39711/is_collapsed/0/snippet_type/website/lease_term[id]/13114/space_configuration_id/2/,skyloft
Antone's C,1,1,"$1,844",N/A,,,600,https://skyloft.prospectportal.com/Apartments/module/property_floorplans/property%5Bid%5D/678753/property_floorplan[id]/730425/is_premium_view/1/is_responsive_snippet/1/lease_start_window[id]/39711/is_collapsed/0/snippet_type/website/lease_term[id]/13114/space_configuration_id/2/,skyloft
Cedar Street,2,1,"$1,384",N/A,,,337,https://skyloft.prospectportal.com/Apartments/module/property_floorplans/property%5Bid%5D/678753/property_floorplan[id]/722309/is_premium_view/1/is_responsive_snippet/1/lease_start_window[id]/39711/is_collapsed/0/snippet_type/website/lease_term[id]/13114/space_configuration_id/123/,skyloft
Emo's B,2,2,"$1,029",N/A,,,372,https://skyloft.prospectportal.com/Apartments/module/property_floorplans/property%5Bid%5D/678753/property_floorplan[id]/720285/is_premium_view/1/is_responsive_snippet/1/lease_start_window[id]/39711/is_collapsed/0/snippet_type/website/lease_term[id]/13114/space_configuration_id/127/,skyloft
Emo's C,2,2,"$1,250",N/A,,,372,https://skyloft.prospectportal.com/Apartments/module/property_floorplans/property%5Bid%5D/678753/property_floorplan[id]/730427/is_premium_view/1/is_responsive_snippet/1/lease_start_window[id]/39711/is_collapsed/0/snippet_type/website/lease_term[id]/13114/space_configuration_id/122/,skyloft
Emo's D,2,2,"$1,469",N/A,,,372,https://skyloft.prospectportal.com/Apartments/module/property_floorplans/property%5Bid%5D/678753/property_floorplan[id]/730429/is_premium_view/1/is_responsive_snippet/1/lease_start_window[id]/39711/is_collapsed/0/snippet_type/website/lease_term[id]/13114/space_configuration_id/122/,skyloft
Speakeasy A,3,3,"$1,014",N/A,,,326,https://skyloft.prospectportal.com/Apartments/module/property_floorplans/property%5Bid%5D/678753/property_floorplan[id]/720280/is_premium_view/1/is_responsive_snippet/1/lease_start_window[id]/39711/is_collapsed/0/snippet_type/website/lease_term[id]/13114/space_configuration_id/108/,skyloft
Speakeasy B,3,3,"$1,014",N/A,,,326,https://skyloft.prospectportal.com/Apartments/module/property_floorplans/property%5Bid%5D/678753/property_floorplan[id]/730431/is_premium_view/1/is_responsive_snippet/1/lease_start_window[id]/39711/is_collapsed/0/snippet_type/website/lease_term[id]/13114/space_configuration_id/108/,skyloft
Speakeasy C,3,3,$650,N/A,,,326,https://skyloft.prospectportal.com/Apartments/module/property_floorplans/property%5Bid%5D/678753/property_floorplan[id]/730433/is_premium_view/1/is_responsive_snippet/1/lease_start_window[id]/39711/is_collapsed/0/snippet_type/website/lease_term[id]/13114/space_configuration_id/108/,skyloft
Speakeasy D,3,3,$999,N/A,,,326,https://skyloft.prospectportal.com/Apartments/module/property_floorplans/property%5Bid%5D/678753/property_floorplan[id]/730435/is_premium_view/1/is_responsive_snippet/1/lease_start_window[id]/39711/is_collapsed/0/snippet_type/website/lease_term[id]/13114/space_configuration_id/108/,skyloft
Speakeasy E,3,3,$999,N/A,,,326,https://skyloft.prospectportal.com/Apartments/module/property_floorplans/property%5Bid%5D/678753/property_floorplan[id]/730437/is_premium_view/1/is_responsive_snippet/1/lease_start_window[id]/39711/is_collapsed/0/snippet_type/website/lease_term[id]/13114/space_configuration_id/108/,skyloft
Speakeasy F,3,3,$999,N/A,,,326,https://skyloft.prospectportal.com/Apartments/module/property_floorplans/property%5Bid%5D/678753/property_floorplan[id]/730439/is_premium_view/1/is_responsive_snippet/1/lease_start_window[id]/39711/is_collapsed/0/snippet_type/website/lease_term[id]/13114/space_configuration_id/108/,skyloft
Nutty Brown A,3,2,"$1,029",N/A,,,337,https://skyloft.prospectportal.com/Apartments/module/property_floorplans/property%5Bid%5D/678753/property_floorplan[id]/720283/is_premium_view/1/is_responsive_snippet/1/lease_start_window[id]/39711/is_collapsed/0/snippet_type/website/lease_term[id]/13114/space_configuration_id/108/,skyloft
Nutty Brown B,3,2,$999,N/A,,,337,https://skyloft.prospectportal.com/Apartments/module/property_floorplans/property%5Bid%5D/678753/property_floorplan[id]/730441/is_premium_view/1/is_responsive_snippet/1/lease_start_window[id]/39711/is_collapsed/0/snippet_type/website/lease_term[id]/13114/space_configuration_id/108/,skyloft
Nutty Brown C,3,2,"$1,204",N/A,,,337,https://skyloft.prospectportal.com/Apartments/module/property_floorplans/property%5Bid%5D/678753/property_floorplan[id]/730443/is_premium_view/1/is_responsive_snippet/1/lease_start_window[id]/39711/is_collapsed/0/snippet_type/website/lease_term[id]/13114/space_configuration_id/123/,skyloft
Nutty Brown D,3,2,$999,N/A,,,337,https://skyloft.prospectportal.com/Apartments/module/property_floorplans/property%5Bid%5D/678753/property_floorplan[id]/730445/is_premium_view/1/is_responsive_snippet/1/lease_start_window[id]/39711/is_collapsed/0/snippet_type/website/lease_term[id]/13114/space_configuration_id/108/,skyloft
Nutty Brown E,3,2,$999,N/A,,,337,https://skyloft.prospectportal.com/Apartments/module/property_floorplans/property%5Bid%5D/678753/property_floorplan[id]/730447/is_premium_view/1/is_responsive_snippet/1/lease_start_window[id]/39711/is_collapsed/0/snippet_type/website/lease_term[id]/13114/space_configuration_id/108/,skyloft
The Broken Spoke A,4,3,$965,N/A,,,304,https://skyloft.prospectportal.com/Apartments/module/property_floorplans/property%5Bid%5D/678753/property_floorplan[id]/720281/is_premium_view/1/is_responsive_snippet/1/lease_start_window[id]/39711/is_collapsed/0/snippet_type/website/lease_term[id]/13114/space_configuration_id/108/,skyloft
The Broken Spoke B,4,3,"$1,029",N/A,,,304,https://skyloft.prospectportal.com/Apartments/module/property_floorplans/property%5Bid%5D/678753/property_floorplan[id]/730449/is_premium_view/1/is_responsive_snippet/1/lease_start_window[id]/39711/is_collapsed/0/snippet_type/website/lease_term[id]/13114/space_configuration_id/123/,skyloft
The Broken Spoke C,4,3,"$1,009",N/A,,,304,https://skyloft.prospectportal.com/Apartments/module/property_floorplans/property%5Bid%5D/678753/property_floorplan[id]/730451/is_premium_view/1/is_responsive_snippet/1/lease_start_window[id]/39711/is_collapsed/0/snippet_type/website/lease_term[id]/13114/space_configuration_id/123/,skyloft
The Broken Spoke D,4,3,"$1,104",N/A,,,304,https://skyloft.prospectportal.com/Apartments/module/property_floorplans/property%5Bid%5D/678753/property_floorplan[id]/730453/is_premium_view/1/is_responsive_snippet/1/lease_start_window[id]/39711/is_collapsed/0/snippet_type/website/lease_term[id]/13114/space_configuration_id/122/,skyloft
The Broken Spoke E,4,3,"$1,130",N/A,,,304,https://skyloft.prospectportal.com/Apartments/module/property_floorplans/property%5Bid%5D/678753/property_floorplan[id]/730455/is_premium_view/1/is_responsive_snippet/1/lease_start_window[id]/39711/is_collapsed/0/snippet_type/website/lease_term[id]/13114/space_configuration_id/122/,skyloft
The Broken Spoke F,4,3,"$1,029",N/A,,,304,https://skyloft.prospectportal.com/Apartments/module/property_floorplans/property%5Bid%5D/678753/property_floorplan[id]/730457/is_premium_view/1/is_responsive_snippet/1/lease_start_window[id]/39711/is_collapsed/0/snippet_type/website/lease_term[id]/13114/space_configuration_id/123/,skyloft
The Broken Spoke G,4,3,"$1,114",N/A,,,304,https://skyloft.prospectportal.com/Apartments/module/property_floorplans/property%5Bid%5D/678753/property_floorplan[id]/730459/is_premium_view/1/is_responsive_snippet/1/lease_start_window[id]/39711/is_collapsed/0/snippet_type/website/lease_term[id]/13114/space_configuration_id/123/,skyloft
The Broken Spoke H,4,3,"$1,109",N/A,,,304,https://skyloft.prospectportal.com/Apartments/module/property_floorplans/property%5Bid%5D/678753/property_floorplan[id]/730461/is_premium_view/1/is_responsive_snippet/1/lease_start_window[id]/39711/is_collapsed/0/snippet_type/website/lease_term[id]/13114/space_configuration_id/123/,skyloft
The Broken Spoke I,4,3,"$1,054",N/A,,,304,https://skyloft.prospectportal.com/Apartments/module/property_floorplans/property%5Bid%5D/678753/property_floorplan[id]/730463/is_premium_view/1/is_responsive_snippet/1/lease_start_window[id]/39711/is_collapsed/0/snippet_type/website/lease_term[id]/13114/space_configuration_id/122/,skyloft
Stubb's A,4,2,"$1,034",N/A,,,300,https://skyloft.prospectportal.com/Apartments/module/property_floorplans/property%5Bid%5D/678753/property_floorplan[id]/720282/is_premium_view/1/is_responsive_snippet/1/lease_start_window[id]/39711/is_collapsed/0/snippet_type/website/lease_term[id]/13114/space_configuration_id/123/,skyloft
Stubb's B,4,2,$999,N/A,,,300,https://skyloft.prospectportal.com/Apartments/module/property_floorplans/property%5Bid%5D/678753/property_floorplan[id]/730465/is_premium_view/1/is_responsive_snippet/1/lease_start_window[id]/39711/is_collapsed/0/snippet_type/website/lease_term[id]/13114/space_configuration_id/108/,skyloft
Stubb's C,4,2,$999,N/A,,,300,https://skyloft.prospectportal.com/Apartments/module/property_floorplans/property%5Bid%5D/678753/property_floorplan[id]/730467/is_premium_view/1/is_responsive_snippet/1/lease_start_window[id]/39711/is_collapsed/0/snippet_type/website/lease_term[id]/13114/space_configuration_id/108/,skyloft
Stubb's D,4,2,"$1,079",N/A,,,300,https://skyloft.prospectportal.com/Apartments/module/property_floorplans/property%5Bid%5D/678753/property_floorplan[id]/730469/is_premium_view/1/is_responsive_snippet/1/lease_start_window[id]/39711/is_collapsed/0/snippet_type/website/lease_term[id]/13114/space_configuration_id/123/,skyloft
Stubb's E,4,2,$999,N/A,,,300,https://skyloft.prospectportal.com/Apartments/module/property_floorplans/property%5Bid%5D/678753/property_floorplan[id]/730471/is_premium_view/1/is_responsive_snippet/1/lease_start_window[id]/39711/is_collapsed/0/snippet_type/website/lease_term[id]/13114/space_configuration_id/108/,skyloft
Stubb's F,4,2,$999,N/A,,,300,https://skyloft.prospectportal.com/Apartments/module/property_floorplans/property%5Bid%5D/678753/property_floorplan[id]/730473/is_premium_view/1/is_responsive_snippet/1/lease_start_window[id]/39711/is_collapsed/0/snippet_type/website/lease_term[id]/13114/space_configuration_id/108/,skyloft
The Continental Club,5,3,"$1,179",N/A,,,299,https://skyloft.prospectportal.com/Apartments/module/property_floorplans/property%5Bid%5D/678753/property_floorplan[id]/720284/is_premium_view/1/is_responsive_snippet/1/lease_start_window[id]/39711/is_collapsed/0/snippet_type/website/lease_term[id]/13114/space_configuration_id/123/,skyloft
Antone,6,3,,$500,,,237,https://www.2215west.com/Brochure/Antone?siteId=3433698&fId=7240810,twenty_two_15
Brentwood,1,1,,$500,,,553,https://www.2215west.com/Brochure/Brentwood?siteId=3433698&fId=5247057,twenty_two_15
Burnet Road,1,1,,$500,,,616,https://www.2215west.com/Brochure/Burnet-Road?siteId=3433698&fId=7240807,twenty_two_15
Congress,2,1,,$500,,,695,https://www.2215west.com/Brochure/Congress?siteId=3433698&fId=5247061,twenty_two_15
Congress,1,1,,$500,,,696,https://www.2215west.com/Brochure/Congress?siteId=3433698&fId=7240808,twenty_two_15
Continental,5,4,,$500,,,1418,https://www.2215west.com/Brochure/Continental?siteId=3433698&fId=5247067,twenty_two_15
Domain,5,4,,$500,,,177,https://www.2215west.com/Brochure/Domain?siteId=3433698&fId=5247066,twenty_two_15
Gibson,2,1,,$500,,,606,https://www.2215west.com/Brochure/Gibson?siteId=3433698&fId=5247060,twenty_two_15
Lady Bird,Studio,1,,$500,,,395,https://www.2215west.com/Brochure/Lady-Bird?siteId=3433698&fId=5247054,twenty_two_15
Magnolia,Studio,1,,$500,,,452,https://www.2215west.com/Brochure/Magnolia?siteId=3433698&fId=5247053,twenty_two_15
Magnolia,Studio,1,,$0,,,452,https://www.2215west.com/Brochure/Magnolia?siteId=3433698&fId=7240805,twenty_two_15
Mansion,4,4,,$500,,,1234,https://www.2215west.com/Brochure/Mansion?siteId=3433698&fId=5247064,twenty_two_15
Oasis,2,2,,$500,,,397,https://www.2215west.com/Brochure/Oasis?siteId=3433698&fId=5247062,twenty_two_15
Rainey,1,1,,$500,,,674,https://www.2215west.com/Brochure/Rainey?siteId=3433698&fId=5247058,twenty_two_15
Rosedale,1,1,,$500,,,606,https://www.2215west.com/Brochure/Rosedale?siteId=3433698&fId=5247056,twenty_two_15
Rosedale,1,1,,$500,,,584,https://www.2215west.com/Brochure/Rosedale?siteId=3433698&fId=7240806,twenty_two_15
SoCo,2,1,,$500,,,663,https://www.2215west.com/Brochure/SoCo?siteId=3433698&fId=5247059,twenty_two_15
SoLa Studio,Studio,1,,$500,,,340,https://www.2215west.com/Brochure/SoLa-Studio?siteId=3433698&fId=5247052,twenty_two_15
Steiner,2,2,,$500,,,854,https://www.2215west.com/Brochure/Steiner?siteId=3433698&fId=5247063,twenty_two_15
Stubbs,6,3,,$500,,,1421,https://www.2215west.com/Brochure/Stubbs?siteId=3433698&fId=5247068,twenty_two_15
Travis,2,2,,$500,,,854,https://www.2215west.com/Brochure/Travis?siteId=3433698&fId=7240809,twenty_two_15
Ziker,Studio,1,,$500,,,561,https://www.2215west.com/Brochure/Ziker?siteId=3433698&fId=5247055,twenty_two_15
